id,station_id
NOE00105477,1001
NOE00134778,1004
SV000001008,1008
NOE00112080,1010
NOE00134886,1015
NOE00134898,1025
NO000099710,1028
NOE00133110,1049
NOE00133122,1053
NOE00109459,1055
NOE00111327,1057
NO000097250,1065
NOE00109476,1075
NOE00109777,1078
NOE00133162,1083
NOE00133210,1088
NOE00111354,1092
NO000098550,1098
NOE00134094,1102
NOE00133894,1116
NOE00133882,1141
NOE00133990,1151
NOE00104443,1160
NOE00133954,1161
NOE00133978,1162
NOE00109485,1199
NOE00133650,1205
NOE00133726,1209
NOE00109719,1212
NOE00133666,1217
NOE00109746,1218
NOM00001238,1238
NOE00109604,1241
NOE00111111,1262
NOE00100569,1274
NOE00109613,1288
NOE00134038,1290
NOE00134470,1310
NOE00110653,1311
NO000050550,1316
NO000050540,1317
NOE00109768,1319
NOE00134554,1320
NOE00134166,1366
NOE00105482,1372
NOE00109984,1382
NOE00109514,1384
NOE00109966,1393
NO000014030,1403
NOE00110725,1406
NOE00109680,1415
NOE00134418,1417
NOE00109671,1424
NOE00109640,1427
NOE00133470,1433
NOE00133075,1442
NOE00110447,1452
NOE00109759,1455
NOE00110285,1470
NOE00134850,1475
NOE00109543,1477
NOE00105472,1482
NOE00109939,1490
SWE00140888,2012
SWE00140950,2020
SWE00137473,2023
SWE00140938,2032
SWE00140910,2036
SWE00140838,2054
SWE00140560,2057
SWE00139992,2062
SWE00139172,2076
SWM00002584,2083
SWE00140898,2086
SWE00140720,2101
SWE00140638,2109
SWE00140590,2113
SWE00140150,2118
SWE00139324,2125
SWE00140442,2128
SWE00140448,2176
SWE00140554,2183
SWE00140554,2185
SWE00140554,2186
SWE00137131,2189
SWE00140796,2190
SW000002196,2196
SWE00140598,2198
SWE00140240,2200
SWE00140016,2206
SWE00140700,2213
SWE00140148,2236
SWE00139968,2248
SWE00140332,2252
SWE00139828,2255
SWE00139942,2259
SWE00140360,2262
SWE00140286,2274
SWE00140100,2276
SWE00139988,2278
SW000002288,2288
SWE00140336,2296
SWE00139852,2300
SWE00139690,2304
SWE00139900,2310
SWE00139840,2323
SWE00139660,2326
SWE00139582,2328
SWE00139884,2330
SWE00139604,2336
SWE00139828,2342
SWE00139680,2346
SW000002361,2361
SWE00139942,2365
SWE00115961,2366
SWE00139774,2368
SWE00139654,2372
SWE00139588,2376
SWE00139858,2382
SWE00139332,2400
SWE00139070,2404
SWE00138738,2409
SWE00139436,2410
SWE00139276,2412
SWE00139042,2416
SWE00139186,2424
SWE00138756,2428
SWE00139504,2430
SWE00138816,2432
SWE00139362,2435
SWE00139000,2439
SWE00139482,2442
SWE00139284,2444
SWE00139462,2450
SWE00136474,2451
SWE00139468,2454
SWE00115916,2464
SWE00115916,2465
SWE00139396,2470
SWE00136411,2471
SWE00139146,2480
SWE00138860,2487
SWE00138746,2489
SWE00139112,2494
SWE00136189,2495
SWE00138962,2496
SWE00138674,2500
SWE00138688,2502
SWE00138558,2504
SWE00138364,2508
SWE00138404,2510
SWE00138204,2514
SWE00138166,2516
SWE00135556,2517
SWE00138044,2518
SWE00115881,2520
SWE00138306,2524
SWE00138184,2526
SWE00138184,2527
SWE00138116,2528
SWE00138680,2530
SWE00138214,2536
SWE00138704,2541
SWE00138584,2543
SW000008525,2562
SWE00138080,2568
SWE00135937,2569
SWE00138570,2571
SWE00138630,2572
SWE00138568,2574
SWE00138708,2580
SWE00138706,2581
SWM00002584,2584
SWE00138418,2586
SWE00138058,2592
SWE00138088,2596
SWE00137916,2600
SWE00137844,2604
SWE00137736,2606
SWE00135169,2614
SWE00137494,2616
SWE00135133,2617
SWE00137656,2630
SWE00100003,2640
SWE00135406,2641
SWE00137608,2651
SWE00135352,2670
SWE00137692,2676
SWE00137910,2680
SWE00135244,2685
FIM00002801,2801
FIE00146762,2805
FIE00146688,2807
FIE00146423,2823
FIE00145852,2864
FIE00145712,2867
FIE00145817,2879
FIE00145377,2897
FIE00145102,2903
FIE00145167,2905
FIE00144212,2911
FIE00144557,2915
FIE00144702,2917
FI000002401,2935
FIE00142641,2943
FIE00143586,2945
FIE00144102,2948
FIE00144132,2949
FIE00142411,2952
FIE00143231,2958
FIE00143276,2959
FI000002963,2963
FIE00142861,2965
FIE00143041,2966
FIE00141895,2971
FIE00142511,2972
FIE00142020,2973
FIE00142241,2975
FIE00141810,2981
FIE00141925,2982
FIE00142085,2984
FIE00142090,2986
FIE00142300,2987
FIE00142311,2988
FIE00141870,2990
UK000003005,3005
UKM00003014,3014
UKM00003017,3017
UKM00003066,3066
UKM00003100,3100
UK000003162,3162
UK000003302,3302
UKM00003334,3334
UKM00003414,3414
UKM00003414,3415
UKM00003502,3502
UKW00035050,3688
UKM00003772,3772
UKW00035047,3797
UKM00003917,3917
EIM00003957,3957
EIE00101859,3964
EI000003965,3965
EIM00003976,3976
EI000003980,3980
ICM00004014,4014
IC000004048,4048
IC000004063,4063
IC000004097,4097
GLE00146901,4210
GLE00146921,4212
GLE00100981,4216
GLE00147041,4230
GLE00147101,4240
GL000004250,4250
GLE00147251,4263
GLW00016405,4270
GLE00147301,4272
GLE00147401,4310
GLE00147461,4330
GLE00147481,4339
GLE00147491,4340
GLE00147498,4341
GL000004360,4360
GLM00004390,4390
DAM00006011,6011
DA000032020,6193
NLE00101981,6210
NLE00100497,6235
NLE00100496,6250
NLM00006260,6260
NLM00006260,6261
NLE00102128,6265
NLE00102494,6277
NLE00102499,6278
NLE00100530,6280
NLE00102022,6290
NLE00102044,6319
NLE00102462,6340
NLE00102427,6344
NLE00102089,6370
NLE00102474,6375
NLE00109242,6379
BE000006447,6447
SZ000003700,6660
SZ000006717,6719
SZ000009480,6770
FRM00007027,7027
FRE00104971,7028
FRM00007037,7037
FRE00104939,7070
FRE00104949,7090
FRM00007110,7110
FR000007130,7130
FRE00104954,7139
FRM00007168,7168
FRE00104945,7180
FR000007190,7190
FRE00104947,7203
FRE00104932,7249
FR000007255,7255
FRE00104981,7265
FRE00104901,7276
FRM00007280,7280
FRE00104941,7283
FRE00104904,7288
FRE00104978,7300
FR000007354,7354
FRE00104884,7374
FRM00007460,7460
FRM00007471,7471
FRM00007481,7481
FRE00104919,7500
FRM00007535,7535
FRM00007558,7558
FR000007560,7560
FRM00007591,7591
FRM00007607,7607
FRM00007621,7621
FRM00007627,7627
FR000007630,7630
FRE00104888,7635
FRE00104921,7641
FRM00007643,7643
FR000007650,7650
FRM00007761,7761
FRM00007790,7790
SPE00119711,8001
SPE00119981,8022
SPE00120134,8029
SPE00120404,8044
SPE00120377,8048
SPE00120188,8084
SPE00120629,8157
SP000009434,8160
SPE00120251,8171
SP000008181,8181
SP000008202,8202
SPE00120485,8213
SP000008215,8215
SPE00120287,8223
SPE00120296,8224
SPE00120116,8226
SPE00120305,8227
SP000009981,8238
SP000008280,8280
SPE00119873,8301
SPM00008359,8359
SPE00119855,8373
SPE00120503,8397
SPE00120332,8429
SPE00119963,8458
SP000006155,8482
GIM00008495,8495
POM00008501,8501
POM00008512,8512
POM00008515,8515
PO000008522,8522
POM00008524,8524
PO000008535,8535
PO000008546,8546
PO000008549,8549
POM00008554,8554
POM00008558,8558
PO000008562,8562
POM00008570,8570
CVM00008583,8583
GME00121018,9091
GMM00010161,9161
GME00102212,9170
GMM00010261,9261
GME00121090,9264
GME00102236,9270
GMM00010359,9359
GME00102252,9361
GMM00010385,9385
GME00114621,9453
GMM00010474,9474
GMM00010480,9480
GMM00010488,9488
GMM00010490,9490
GME00121258,9496
GMM00010552,9552
GME00102340,9554
GME00120970,9567
GMM00010577,9577
GME00102348,9578
GMM00010582,9582
GME00102177,10015
GME00102185,10020
GMM00010022,10022
GME00102193,10035
GME00121030,10046
GMM00010093,10093
GME00121102,10113
GME00102177,10120
GMM00010130,10130
GME00121270,10131
GMM00010146,10146
GMM00010161,10161
GMM00010168,10168
GME00102212,10170
GME00102220,10184
GMM00010235,10235
GMM00010261,10261
GME00121090,10264
GME00102236,10270
GMM00010281,10281
GMM00010305,10305
GME00111430,10315
GMM00010321,10321
GMM00010348,10346
GME00102252,10361
GMM00010365,10365
GM000003342,10379
GME00121150,10382
GME00111445,10384
GM000010393,10393
GMM00010410,10410
GMM00010418,10418
GME00111457,10427
GME00102284,10439
GMM00010444,10444
GME00114621,10453
GMM00010460,10460
GMM00010474,10474
GMM00010480,10480
GM000003244,10486
GMM00010490,10490
GME00121258,10496
GME00102316,10501
GMM00010519,10519
GMW00035053,10536
GME00121174,10544
GME00102332,10548
GMM00010552,10552
GMM00010557,10557
GMM00010574,10574
GMM00010579,10579
GMM00010582,10582
GMW00034054,10607
GMW00034050,10614
GMW00034077,10619
GMW00034070,10627
GMW00034075,10632
GMW00035010,10633
GMM00010635,10635
GMM00010648,10648
GMW00034036,10653
GMW00034076,10657
GMM00010658,10658
GMW00034191,10659
GME00102364,10685
GME00121186,10688
GMM00010704,10704
GMM00010706,10706
GME00102372,10708
GM009031000,10722
GMM00010724,10723
GMW00034068,10728
GMW00034046,10734
GMM00010736,10736
GMW00034041,10738
GME00115771,10739
GME00121126,10742
GMW00034074,10745
GMW00034190,10752
GMM00010761,10761
GMM00010765,10765
GMW00034195,10775
GMM00010777,10777
GME00102388,10788
GMM00010803,10803
GM009030500,10805
GME00120946,10815
GMM00010827,10827
GMW00034178,10858
GMW00034175,10859
GMM00010863,10863
GMM00010870,10870
GME00102404,10929
GME00121114,10948
GM000004155,10961
GM000010962,10962
GMM00010963,10963
GME00121198,10980
AU000005010,11012
AUM00011343,11146
AU000006306,11150
AUM00011155,11155
AUM00011212,11212
AUM00011231,11231
EZM00011423,11423
EZ000011464,11464
EZM00011487,11487
EZM00011518,11518
EZM00011520,11520
EZM00011603,11603
EZM00011659,11659
EZM00011723,11723
EZM00011787,11787
PL000012120,12120
PLM00012160,12160
PLM00012205,12205
PLM00012295,12295
PLM00012330,12330
PLM00012375,12375
PLM00012424,12424
PLM00012497,12497
HUM00012843,12843
HUM00012925,12925
HU000012942,12942
HUM00012982,12982
SIE00105938,13008
SIM00014015,13015
HRE00105210,13113
HR000142360,13129
HRE00105227,13219
HRE00105182,13223
BKM00014542,13242
RIE00100818,13274
HRE00105217,13334
HRE00105189,13335
BKM00014648,13348
BKM00014654,13354
MJM00013363,13363
HRE00105196,13439
MJM00013459,13459
MJM00013461,13461
MJM00013463,13463
MK000013577,13577
MKE00100915,13585
MKM00013591,13591
ALE00108905,13600
ALE00100939,13615
HRE00105210,14216
HR000142360,14236
HRE00105227,14324
HRE00105182,14330
HRE00105217,14445
HRE00105189,14447
HRE00105196,14452
ROE00108898,15015
ROE00108897,15170
ROE00108901,15260
ROM00015280,15280
ROE00108890,15292
ROE00108895,15310
ROE00108903,15335
ROE00108899,15346
ROE00100903,15410
ROE00108892,15480
IT000160220,16022
ITM00016033,16033
ITM00016052,16052
ITM00016061,16061
IT000016090,16090
ITM00016110,16110
IT000016134,16134
ITM00016148,16148
ITM00016153,16153
ITM00016179,16179
ITM00016206,16206
ITM00016219,16219
IT000162240,16224
IT000016232,16232
ITM00016252,16252
IT000162580,16258
ITM00016280,16280
ITM00016310,16310
ITM00016325,16325
ITM00016344,16344
ITM00016360,16360
ITM00016400,16400
ITM00016420,16420
ITW00033126,16459
ITM00016480,16480
ITM00016522,16522
ITM00016546,16546
IT000016550,16550
MT000016597,16597
GRM00016622,16622
GR000016641,16641
GRE00105244,16675
GRE00105240,16706
GR000167230,16723
GRM00016726,16726
GR000016734,16734
GR000016754,16754
TUM00017022,17022
TUM00017050,17050
TUM00017069,17069
TUM00017070,17070
TU000017074,17074
TUM00017084,17084
TUM00017086,17086
TU000017090,17090
TUM00017116,17116
TUM00017130,17130
TUM00017150,17150
TU000017170,17170
TUM00017203,17203
TUM00017204,17204
TUM00017220,17220
TUM00017237,17237
TU000017240,17240
TUM00017250,17250
TUM00017255,17255
CYE00115565,17607
CY000176090,17609
RSM00020069,20069
RSM00020087,20087
RSM00020292,20292
RSM00020357,20421
RSM00020667,20667
RSM00020744,20744
RSM00020891,20891
RSM00021432,21432
RSM00021432,21496
RSM00021504,21504
RSM00021636,21636
RSM00021802,21802
RSM00021824,21824
RSM00021908,21908
RSM00021921,21921
RSM00021946,21946
RSM00022028,22028
RSM00022112,22112
RSM00022113,22113
RSM00022165,22165
RSM00022212,22212
RSM00022235,22235
RSM00022249,22249
RSM00022269,22269
RSM00022282,22282
RSM00022324,22324
RSM00022349,22349
RSM00022355,22355
RSM00022408,22408
RSM00022438,22438
RSM00022446,22446
RSM00022452,22452
RSM00022471,22471
RSM00022511,22511
RSM00022518,22518
RSM00022525,22525
RSM00022541,22541
RSM00022551,22551
RSM00022559,22559
RSM00022563,22563
RSM00022573,22573
RSM00022583,22583
RSM00022602,22602
RSM00022619,22619
RSM00022641,22641
RSM00022695,22695
RSM00022707,22707
RSM00022727,22727
RSM00022676,22740
RSM00022762,22762
RSM00022768,22768
RSM00022802,22802
RSM00022820,22820
RSM00022833,22833
RSM00022837,22837
RSM00022845,22845
RSM00022892,22892
RSM00022912,22912
RSM00022913,22913
RSM00022915,22915
RSM00022917,22917
RSM00022939,22939
RSM00022954,22954
RSM00022996,22996
RSM00023032,23032
RSM00023074,23074
RSM00023207,23207
RSM00023226,23226
RSM00023256,23256
RSM00023274,23274
RSM00023305,23305
RSM00023330,23330
RSM00023365,23365
RSM00023412,23412
RSM00023418,23418
RSM00023426,23426
RSM00023472,23472
RSM00023518,23518
RSM00023527,23527
RSM00023552,23552
RSM00023631,23631
RSM00023678,23678
RSM00023711,23711
RSM00023724,23724
RSM00023734,23734
RSM00023803,23803
RSM00023849,23849
RSM00023884,23884
RSM00023891,23891
RSM00023914,23914
RSM00023955,23955
RSM00023966,23966
RSM00023975,23975
RSM00023987,23987
RSM00024125,24125
RSM00024143,24143
RSM00024329,24329
RSM00024343,24343
RSM00024382,24382
RSM00024561,24561
RSM00024598,24598
RSM00024639,24639
RSM00024652,24652
RSM00024671,24671
RSM00024738,24738
RSM00024768,24768
RSM00024817,24817
RSM00024856,24856
RSM00024923,24923
RSM00024944,24944
RSM00024951,24951
RSM00024962,24962
RSM00024966,24966
RSM00024982,24982
RSM00024988,24988
RSM00025325,25325
RSM00025400,25400
RSM00025428,25428
RSM00025551,25551
RSM00025594,25594
RSM00025677,25677
RSM00025703,25703
RSM00025777,25777
RSM00025777,25841
RSM00025954,25954
RSM00026059,26059
RSM00026063,26063
RSM00026092,26092
RSM00026099,26099
EN000026115,26115
RSM00026167,26167
RSM00026188,26188
EN000026229,26229
EN000026214,26233
EN000026242,26242
LG000026247,26247
EN000026249,26249
RSM00026268,26268
RSM00026283,26283
RSM00026285,26285
RSM00026289,26289
LG000026313,26313
LG000026335,26335
LG000026339,26339
LG000026348,26348
RSM00026359,26359
RSM00026298,26362
RSM00026378,26378
LG000026424,26424
RSM00026498,26498
LH000026518,26518
LH000026524,26524
LG000026544,26544
BOM00026554,26554
RSM00026585,26585
LH000026600,26600
BOM00026643,26643
BOM00026645,26645
BOM00026653,26653
BOM00026659,26659
BOM00026668,26668
BOM00026745,26745
RSM00026781,26781
BOM00026864,26864
BOM00026878,26878
BOM00026887,26887
BOM00026923,26923
BOM00026938,26938
BOM00026941,26941
BOM00026974,26974
RSM00026976,26976
RSM00027026,27026
RSM00027066,27066
RSM00027008,27072
RSM00027199,27199
RSM00027217,27217
RSM00027242,27242
RSM00027252,27252
RSM00027271,27271
RSM00027281,27281
RSM00027296,27296
RSM00027329,27329
RSM00027373,27373
RSM00027459,27459
RSM00027507,27507
RSM00027509,27509
RSM00027511,27511
RSM00027587,27587
RSM00027606,27606
RSM00027648,27648
RSM00027729,27729
RSM00027823,27823
RSM00027857,27857
RSM00027921,27921
RSM00027928,27928
RSM00027935,27935
RSM00027947,27944
RSM00027962,27962
RSM00028009,28009
RSM00028044,28044
RSM00028049,28049
RSM00028076,28076
RSM00028116,28116
RSM00028216,28216
RSM00028224,28225
RSM00028240,28240
RSM00028302,28302
RSM00028307,28307
RSM00028319,28319
RSM00028321,28321
RSM00028334,28334
RSM00028367,28367
RSM00028383,28383
RSM00028409,28409
RSM00028428,28428
RSM00028451,28451
RSM00028455,28455
RSM00028465,28465
RSM00028481,28481
RSM00028491,28491
RSM00028493,28493
RSM00028498,28498
RSM00028506,28506
RSM00028522,28522
RSM00028552,28552
RSM00028573,28573
RSM00028586,28586
RSM00028588,28588
RSM00028593,28593
RSM00028598,28598
RSM00028611,28611
RSM00028615,28615
RSM00028621,28621
RSM00028637,28637
RSM00028642,28642
RSM00028655,28655
RSM00028661,28661
RSM00028666,28666
RSM00028696,28696
RSM00028704,28704
RSM00028705,28705
RSM00028710,28710
RSM00028711,28711
RSM00028712,28712
RSM00028741,28741
RSM00028756,28756
KZ000028785,28785
RSM00028786,28786
RSM00028797,28797
RSM00028799,28799
RSM00028831,28831
RSM00028838,28838
KZ000028854,28854
KZ000028867,28867
KZ000028877,28877
KZ000028886,28886
RSM00028908,28908
RSM00028925,28925
KZ000028952,28952
KZ000028957,28957
KZ000028966,28966
KZ000028967,28967
KZ000028984,28984
KZ000028986,28986
KZ000028993,28993
RSM00029068,29068
RSM00029103,29103
RSM00029122,29122
RSM00029128,29128
RSM00029209,29209
RSM00029253,29253
RSM00029263,29263
RSM00029274,29274
RSM00029348,29348
RSM00029418,29418
RSM00029456,29456
RSM00029464,29464
RSM00029477,29477
RSM00029481,29481
RSM00029524,29524
RSM00029532,29532
RSM00029539,29539
RSM00029541,29541
RSM00029552,29552
RSM00029557,29557
RSM00029562,29562
RSM00029563,29563
RSM00029570,29570
RSM00029576,29576
RSM00029594,29594
RSM00029605,29605
RSM00029613,29613
RSM00029625,29625
RSM00029631,29631
RSM00029632,29632
RSM00029636,29636
RSM00029649,29649
RSM00029653,29653
RSM00029654,29654
RSM00029676,29676
RSM00029698,29698
RSM00029706,29706
RSM00029712,29712
RSM00029724,29724
RSM00029726,29726
RSM00029735,29735
RSM00029736,29736
RSM00029742,29742
RSM00029752,29752
RSM00029756,29756
RSM00029766,29766
RSM00029789,29789
KZ000029807,29807
RSM00029813,29813
RSM00029814,29814
RSM00029816,29816
RSM00029827,29827
RSM00029848,29848
RSM00029862,29862
RSM00029864,29864
RSM00029869,29869
RSM00029892,29892
KZ000029906,29906
RSM00029923,29923
RSM00029937,29937
RSM00029939,29939
RSM00029946,29946
RSM00029962,29962
RSM00030054,30054
RSM00030102,30102
RSM00030138,30138
RSM00030151,30151
RSM00030157,30157
RSM00030229,30229
RSM00030328,30328
RSM00030385,30385
RSM00030433,30433
RSM00030439,30439
RSM00030457,30457
RSM00030469,30469
RSM00030493,30493
RSM00030499,30499
RSM00030504,30504
RSM00030507,30507
RSM00030537,30537
RSM00030542,30542
RSM00030549,30549
RSM00030576,30576
RSM00030603,30603
RSM00030618,30618
RSM00030627,30627
RSM00030636,30636
RSM00030669,30669
RSM00030679,30679
RSM00030683,30683
RSM00030686,30686
RSM00030692,30692
RSM00030703,30703
RSM00030710,30710
RSM00030713,30713
RSM00030715,30715
RSM00030726,30726
RSM00030729,30729
RSM00030731,30731
RSM00030739,30739
RSM00030745,30745
RSM00030764,30764
RSM00030765,30765
RSM00030766,30766
RSM00030772,30772
RSM00030781,30781
RSM00030802,30802
RSM00030811,30811
RSM00030815,30815
RSM00030824,30824
RSM00030829,30829
RSM00030846,30846
RSM00030874,30874
RSM00030879,30879
RSM00030925,30925
RSM00030934,30934
RSM00030935,30935
RSM00030938,30938
RSM00030949,30949
RSM00030961,30961
RSM00030971,30971
RSM00030972,30972
RSM00030978,30978
RSM00031005,31005
RSM00031168,31168
RSM00031174,31174
RSM00031299,31299
RSM00031311,31311
RSM00031318,31318
RSM00031348,31348
RSM00031371,31371
RSM00031373,31373
RSM00031388,31388
RSM00031392,31392
RSM00031394,31394
RSM00031416,31416
RSM00031418,31418
RSM00031421,31421
RSM00031439,31439
RSM00031443,31443
RSM00031469,31469
RSM00031478,31478
RSM00031484,31484
RSM00031513,31513
RSM00031521,31521
RSM00031527,31527
RSM00031534,31534
RSM00031583,31583
RSM00031587,31587
RSM00031594,31594
RSM00031618,31618
RSM00031624,31624
RSM00031655,31655
RSM00031702,31702
RSM00031707,31707
RSM00031725,31725
RSM00031733,31733
RSM00031749,31749
RSM00031754,31754
RSM00031786,31786
RSM00031792,31792
RSM00031801,31801
RSM00031825,31825
RSM00031829,31829
RSM00031832,31832
RSM00031845,31845
RSM00031873,31873
RSM00031913,31913
RSM00031915,31915
RSM00031917,31917
RSM00031921,31921
RSM00031935,31935
RSM00031939,31939
RSM00031969,31969
RSM00031977,31977
RSM00031981,31981
RSM00031987,31987
RSM00031989,31989
RSM00032027,32027
RSM00032057,32057
RSM00032061,32061
RSM00032069,32069
RSM00032071,32071
RSM00032077,32077
RSM00032098,32098
RSM00032128,32128
RSM00032133,32133
RSM00032145,32145
RSM00032149,32149
RSM00032186,32186
RSM00032252,32252
RSM00032408,32408
RSM00032540,32583
RSM00032594,32594
RSM00032618,32618
BOM00033008,33008
BOM00033019,33019
BOM00033027,33027
UPM00033049,33049
BOM00033105,33105
UPM00033156,33156
UPM00033177,33177
UPM00033213,33213
UPM00033228,33228
UPM00033231,33231
UPM00033236,33236
UPM00033246,33246
UPM00033261,33261
UPM00033297,33297
UPM00033299,33299
UPM00033301,33301
UPM00033317,33317
UPM00033347,33347
UPM00033362,33362
UPM00033368,33368
UPM00033374,33374
UPM00033376,33376
UPM00033377,33377
UPM00033382,33382
UPM00033391,33391
UPM00033392,33392
UPM00033393,33393
UPM00033466,33466
UPM00033495,33495
UPM00033506,33506
UPM00033514,33514
UPM00033577,33577
UPM00033581,33581
UPM00033587,33587
UPM00033609,33609
UPM00033614,33614
UPM00033631,33631
UPM00033663,33663
UPM00033676,33676
MD000033679,33679
UPM00033723,33723
UPM00033761,33761
UPM00033777,33777
UPM00033788,33788
UPM00033833,33833
UPM00033837,33837
UPM00033862,33862
UPM00033877,33877
UPM00033910,33910
UPM00033924,33924
UPM00033929,33929
UPM00033934,33934
UPM00033945,33945
UPM00033973,33973
UPM00033976,33976
UPM00033981,33980
UPM00033981,33981
UPM00033999,33999
RSM00034027,34027
RSM00034047,34047
RSM00034063,34063
RSM00034083,34083
RSM00034116,34116
RSM00034123,34123
RSM00034139,34139
RSM00034146,34146
RSM00034152,34152
RSM00034163,34163
RSM00034172,34172
RSM00034186,34186
RSM00034213,34213
RSM00034240,34240
RSM00034267,34267
RSM00034321,34321
RSM00034357,34357
RSM00034373,34373
RSM00034391,34391
KZ000034398,34398
UPM00034401,34401
UPM00034409,34409
UPM00034415,34415
UPM00034419,34419
UPM00034422,34422
UPM00034434,34434
RSM00034445,34445
UPM00034519,34519
UPM00034537,34537
RSM00034545,34545
RSM00034578,34578
KZ000034581,34581
UPM00034607,34607
RSM00034635,34635
RSM00034644,34644
RSM00034662,34662
KZ000034691,34691
UPM00034708,34708
RSM00034720,34720
RSM00034723,34723
RSM00034730,34731
RSM00034743,34743
RSM00034747,34747
RSM00034748,34748
RSM00034785,34785
RSM00034824,34824
RSM00034825,34825
RSM00034838,34838
RSM00034845,34845
RSM00034858,34858
RSM00034861,34861
RSM00034887,34887
RSM00034915,34915
RSM00034924,34924
RSM00034927,34929
RSM00034949,34949
RSM00034954,34954
RSM00034964,34964
RSM00035015,35015
RSM00035037,35037
KZ000035067,35067
KZ000035078,35078
KZ000035085,35085
KZ000035107,35107
KZ000035108,35108
KZ000035163,35163
KZ000035173,35173
KZ000035188,35188
KZ000035191,35191
KZ000035217,35217
KZ000035234,35234
KZ000035284,35287
KZ000035302,35302
KZ000035331,35331
KZ000035344,35344
KZ000035358,35358
KZ000035376,35376
KZ000035406,35406
KZ000035416,35416
KZ000035426,35426
KZ000035430,35430
KZ000035436,35436
KZ000035478,35478
KZ000035514,35514
KZ000035522,35522
KZ000035529,35529
KZ000035532,35532
KZ000035542,35542
KZ000035549,35549
KZ000035605,35605
KZ000035633,35633
KZ000035635,35635
KZ000035671,35671
KZ000035699,35699
KZ000035721,35721
KZ000035742,35742
KZ000035746,35746
KZ000035749,35749
KZ000035791,35791
KZ000035849,35849
KZ000035907,35907
KZ000035969,35969
RSM00036020,36020
RSM00036022,36022
RSM00036034,36034
RSM00036038,36038
RSM00036058,36058
RSM00036061,36061
KZ000036126,36126
KZ000036152,36152
KZ000036208,36208
RSM00036278,36278
KZ000036358,36358
KZ000036397,36397
KZ000036418,36418
KZ000036428,36428
KZ000036487,36487
KZ000036535,36535
KZ000036546,36546
KZ000036569,36569
KZ000036622,36622
KZ000036665,36665
KZ000036686,36686
KZ000036736,36736
KZ000036761,36761
KZ000036773,36773
KZ000036786,36786
KZ000036837,36837
KZ000036859,36859
KZ000036870,36870
KG000036911,36911
KG000036938,36938
KG000036974,36974
RSM00037000,37000
RSM00037001,37001
RSM00037013,37013
RSM00037014,37014
RSM00037017,37017
RSM00037021,37021
RSM00037031,37031
RSM00037058,37058
RSM00037085,37085
RSM00037145,37145
GG000037175,37175
RSM00037193,37193
RSM00037228,37228
RSM00037235,37235
GG000037267,37267
GG000037309,37309
GG000037334,37334
RSM00037367,37367
GG000037385,37385
GG000037384,37386
GG000037386,37388
GG000037432,37432
GG000037437,37437
GG000037439,37439
RSM00037470,37470
RSM00037471,37471
GG000037483,37483
GG000037388,37492
GG000037514,37506
GG000037531,37531
GG000037535,37535
GG000037572,37572
RSM00037597,37597
GG000037602,37602
GG000037603,37603
AJ000037661,37661
AJ000037675,37675
AM000037683,37683
AM000037686,37686
AM000037704,37704
AM000037719,37719
AJ000037735,37735
AJ000037747,37747
AM000037774,37774
AM000037897,37897
AJ000037907,37907
AJ000037936,37936
AM000037958,37958
AM000037959,37959
KZ000038001,38001
KZ000038051,38051
KZ000038069,38069
KZ000038081,38081
KZ000038099,38099
UZM00038146,38146
UZM00038149,38149
KZ000038162,38162
UZM00038178,38178
KZ000038198,38198
KZ000038201,38201
KZ000038203,38203
KZ000038232,38232
UZM00038262,38262
UZM00038284,38284
KZ000038334,38334
KZ000038343,38343
KG000038352,38352
KG000038358,38358
TX000038388,38388
UZM00038396,38396
UZM00038403,38403
UZM00038413,38413
KZ000038423,38423
UZM00038427,38427
UZM00038457,38457
UZM00038462,38462
KG000038471,38471
KG000038474,38474
TX000038527,38527
UZM00038553,38553
UZM00038565,38565
UZM00038579,38579
UZM00038583,38583
TI000038599,38599
UZM00038611,38611
KG000038613,38613
KG000038615,38615
UZM00038618,38618
TX000038634,38630
TX000038641,38641
TX000038647,38647
TX000038656,38656
UZM00038683,38683
UZM00038685,38685
TX000038687,38687
TI000038713,38713
TI000038716,38716
KG000038871,38745
TX000038759,38759
TX000038763,38763
TX000038774,38774
TX000038799,38799
TX000038806,38806
UZM00038812,38812
TI000038847,38847
TI000038867,38867
TX000038880,38880
TX000038886,38886
TX000038895,38895
TX000038899,38899
TX000038911,38911
TX000038915,38915
UZM00038927,38927
TI000038933,38933
TI000038944,38944
TI000038947,38947
TI000038954,38954
TI000038966,38966
TX000038974,38974
TX000038987,38987
SY000040001,40001
SYE00147759,40005
SYE00147760,40007
SYM00040030,40030
SYE00147763,40055
SY000040061,40061
SYM00040080,40080
SYE00147766,40095
LEM00040101,40101
IS000002011,40176
IS000051690,40191
IS000009972,40199
JOM00040296,40296
JOM00040310,40310
SAM00040362,40362
SAM00040373,40373
SAM00040377,40377
SA000040438,40438
SAM00041114,40569
IRM00040708,40708
IRM00040718,40718
IRM00040736,40736
IR000040745,40745
IRM00040827,40827
IR000040841,40841
TI000038957,40918
AF000040930,40930
AFM00040948,40948
SAM00041036,41036
SAM00041055,41055
SAM00041061,41061
SAM00041114,41114
SAM00041128,41128
QAM00041170,41170
AE000041196,41196
AEM00041217,41217
MU000041288,41288
MUM00041304,41304
PK000041560,41560
PKM00041571,41570
PKM00041571,41571
PKM00041594,41594
PKM00041598,41598
PK000041620,41620
PK000041640,41640
PKM00041675,41675
PKM00041685,41685
PKM00041710,41710
PK000041712,41712
PKM00041718,41718
PKM00041744,41744
PKM00041756,41756
PKM00041764,41764
PKM00041764,41765
PKM00041768,41768
BGM00041883,41858
BGM00041859,41859
BGM00041883,41883
BGM00041923,41917
IN008010200,42027
IN008010201,42029
IN008060102,42030
IN008090900,42045
IN007050600,42065
IN018071700,42074
IN007030201,42077
IN007081400,42078
IN007011900,42080
IN007052500,42081
IN007101600,42083
IN018021500,42097
IN018090300,42099
IN018101300,42101
IN007101000,42107
IN023541400,42108
IN023230400,42110
IN023160900,42111
IN023522100,42114
IN019120200,42122
IN006031000,42131
IN006051700,42137
IN023440900,42151
IN019070100,42165
IN019170600,42174
IN006082500,42176
IN006062400,42177
IN006023200,42178
IN022023000,42181
IN022021900,42182
IN023401100,42187
IN023471900,42188
IN023101700,42189
IN023431100,42190
IN002030100,42220
IN019200600,42242
IN019021400,42255
IN023372700,42257
IN019051300,42258
IN023340700,42270
IN023280900,42271
IN024050200,42296
IN003050401,42309
IN003050500,42314
IN019140400,42328
IN019180100,42339
IN019131301,42348
IN019251400,42349
IN011050400,42358
IN011150300,42361
IN023321100,42366
IN023351400,42369
IN023201300,42374
IN023511400,42375
IN023261300,42379
IN004080400,42387
IN004031400,42391
IN004110300,42395
IN024059900,42398
IN024080100,42399
IN003040500,42408
IN003021500,42409
IN003041800,42410
IN003020100,42415
IN003021000,42419
IN003080601,42420
IN019150600,42439
IN019211300,42441
IN019060300,42447
IN019080500,42450
IN019191200,42452
IN019221700,42453
IN011390300,42459
IN011101101,42460
IN023291200,42468
IN023081300,42473
IN023301600,42477
IN023242300,42482
IN004150700,42487
IN004141300,42488
IN004102500,42491
IN004102500,42492
IN003060200,42522
IN019261900,42542
IN019260100,42543
IN019092700,42546
IN011210600,42547
IN019190900,42552
IN011301400,42557
IN011140700,42559
IN011070800,42567
IN011261400,42570
IN011340100,42571
IN004051800,42591
IN004071800,42595
IN004160700,42599
IN021012000,42618
IN005120500,42634
IN005120900,42638
IN005120502,42639
IN005030101,42643
IN005161500,42651
IN019111700,42652
IN019030100,42655
IN011430100,42662
IN011351500,42667
IN011040100,42669
IN011272300,42672
IN004122600,42701
IN004043000,42703
IN024011000,42707
IN024023100,42708
IN024030600,42709
IN024130300,42711
IN024062400,42714
IN021010100,42724
IN015010100,42727
IN005090601,42730
IN005090100,42731
IN005150100,42737
IN005112000,42744
IN005042300,42748
IN011122400,42752
IN011170400,42754
IN011160300,42763
IN011081100,42768
IN011201300,42776
IN011060800,42779
IN011280601,42790
IN004171300,42798
IN004171300,42799
IN024110900,42803
IN024072900,42805
IN024141500,42809
IN005050400,42837
IN005171200,42840
IN011251300,42849
IN012141100,42866
IN017120100,42883
IN011281000,42884
IN017121000,42886
IN017010300,42895
IN005100100,42909
IN022030300,42914
IN005070800,42915
IN022030901,42916
IN012161300,42920
IN012160100,42921
IN012021700,42934
IN017020100,42963
IN017042600,42970
IN017111200,42971
IN017041900,42976
IN024140101,42977
IN012070700,43002
IN012070800,43003
IN012061200,43011
IN012041000,43014
IN012250100,43019
IN012150700,43021
IN001010300,43025
IN012090600,43029
IN011020300,43041
IN017070800,43042
IN017110100,43053
IN012070300,43057
IN012120700,43058
IN012121100,43060
IN012191700,43061
IN012122400,43062
IN012190100,43063
IN012190501,43069
IN012231100,43071
IN001140300,43083
IN001090500,43086
IN011021300,43093
IN017090102,43097
IN012201100,43110
IN012230300,43117
IN001080500,43128
IN001101800,43137
IN012131800,43157
IN012212400,43158
IN001130600,43168
IN001110500,43180
IN001111600,43181
IN001110700,43182
IN001060900,43187
IN001050200,43189
IN022030600,43192
IN022030400,43196
IN009021000,43198
IN009090300,43201
IN001121800,43212
IN001071800,43220
IN009070100,43233
IN001160200,43245
IN009061200,43259
IN009063800,43260
IN009110600,43263
IN009195700,43268
IN020040402,43277
IN020070300,43278
IN020040900,43279
IN009130300,43284
IN009155700,43289
IN009160100,43291
IN009010100,43295
IN009142400,43299
IN020052600,43301
IN020011100,43303
IN025020103,43309
IN025020201,43310
IN010050700,43314
IN010021200,43315
IN010060500,43316
IN020091800,43318
IN020031700,43321
IN020133801,43324
IN020104100,43327
IN020020300,43329
IN020121500,43330
IN020133800,43342
IN020130700,43344
IN022043500,43346
IN020121901,43348
IN020123800,43349
IN010082000,43354
IN020081700,43360
IN020100500,43361
IN025020101,43364
IN010100400,43371
IN010100700,43372
IN020065100,43377
IN020140800,43379
CEM00043466,43466
CE000434730,43473
CE000043497,43497
IN008010201,43541
MGM00044207,44207
MG000044231,44231
MGM00044232,44232
MGM00044256,44256
MG000044272,44272
MGM00044277,44277
MGM00044282,44282
MGM00044284,44284
MGM00044285,44285
MGM00044287,44287
MG000044288,44288
MGM00044298,44298
MGM00044305,44305
MG000044341,44341
MGM00044347,44347
MGM00044354,44354
MGM00044358,44358
MG000044373,44373
NP000444540,44454
NPM00044477,44477
CHM00045005,45005
KNM00047014,47014
KNM00047025,47025
KNM00047035,47035
KSW00043272,47102
KSW00043221,47103
KSW00043271,47104
KSM00047108,47108
KSW00043201,47110
KSW00043274,47113
KS000047115,47115
KSW00043222,47118
KSW00043206,47120
KSM00047138,47138
KSW00043219,47141
KSW00043212,47142
KSW00043207,47153
KSW00043213,47154
KSW00043256,47158
KSM00047159,47159
KSM00047184,47184
KSW00043263,47187
JA000047401,47401
JA000047402,47402
JA000047405,47405
JA000047406,47406
JA000047407,47407
JA000047409,47409
JA000047411,47411
JA000047413,47413
JA000047417,47417
JA000047420,47420
JA000047423,47423
JAW00044401,47425
JA000047426,47426
JA000047428,47428
JA000047430,47430
JA000047433,47433
JA000047512,47512
JA000047595,47557
JA000047570,47570
JAW00043318,47573
JA000047574,47574
JA000047575,47575
JA000047576,47576
JA000047582,47582
JA000047584,47584
JA000047585,47585
JA000047588,47588
JA000047590,47590
JAW00043401,47591
JA000047592,47592
JA000047598,47598
JA000047604,47604
JA000047610,47610
JA000047612,47612
JA000047615,47615
JA000047618,47618
JA000047624,47624
JA000047626,47626
JA000047629,47629
JA000047632,47632
JAW00043312,47635
JA000047636,47636
JA000047637,47637
JA000047638,47638
JA000047640,47640
JAW00043309,47643
JA000047655,47655
JA000047656,47656
JA000047657,47657
JAW00043307,47660
JAW00043321,47661
JA000047662,47662
JA000047663,47663
JA000047666,47666
JA000047668,47668
JA000047670,47670
JAW00043311,47671
JA000047672,47672
JA000047677,47677
JA000047690,47690
JAW00043323,47696
JA000047678,47738
JA000047740,47740
JA000047741,47741
JA000047742,47742
JAW00043314,47743
JA000047755,47755
JA000047756,47756
JA000047759,47759
JA000047762,47762
JA000047767,47767
JA000047769,47769
JAM00047772,47772
JA000047776,47776
JA000047777,47777
JA000047800,47800
JAW00043306,47803
JA000047807,47807
JAW00043310,47808
JA000047814,47814
JA000047815,47815
JA000047817,47817
JA000047824,47824
JA000047831,47831
JAW00043317,47840
JA000047843,47843
JA000047891,47891
JA000047893,47893
JA000047897,47897
JA000047898,47898
JA000047899,47899
JA000047909,47909
JA000047912,47912
JAM00047927,47926
JA000047929,47929
JAC00914540,47930
JAC00914335,47931
JAW00042215,47933
JAW00042216,47935
JA000047940,47940
JAC00914290,47981
JAW00042502,47991
BMM00048008,48008
TH000048327,48327
TH000048328,48328
TH000048330,48330
TH000048331,48331
TH000048351,48351
TH000048354,48354
TH000048356,48356
TH000048375,48375
TH000048376,48376
TH000048379,48379
TH000048381,48381
TH000048383,48383
TH000048400,48400
TH000048405,48405
THW00041017,48407
TH000048426,48426
TH000048431,48431
TH000048432,48432
TH000048450,48450
TH000048456,48456
TH000048459,48459
TH000048475,48475
TH000048477,48477
TH000048480,48480
TH000048501,48501
TH000048517,48517
TH000048550,48550
TH000048564,48564
TH000048567,48567
MYM00048601,48601
MY000048620,48620
VMM00048826,48826
VMW00041005,48858
VMW00041011,48870
VMM00048887,48887
VM000048900,48900
VMM00048917,48917
LAW00041061,48930
LAM00048946,48946
LAW00041071,48955
CHM00050353,50353
CHM00050557,50557
CHM00050564,50564
CHM00050632,50632
CHM00050658,50658
CHM00050756,50756
CHM00050788,50788
CHM00050963,50963
CHM00050968,50968
CHM00051076,51076
CHM00051379,51379
CHM00051431,51431
CHM00051573,51573
CHM00051644,51644
CHM00051656,51656
CHM00051716,51716
CHM00051765,51765
CHM00051777,51777
CHM00051811,51811
CHM00051828,51828
CHM00051855,51855
CHM00052203,52203
CHM00052267,52267
CHM00052533,52533
CHM00052602,52602
CHM00052889,52889
CHM00052957,52958
CHM00053352,53352
CHM00053391,53391
CHM00053463,53463
CHM00053529,53529
CHM00053646,53646
CHM00053673,53673
CHM00053772,53772
CHM00053845,53845
CHM00053863,53863
CHM00053915,53915
CHM00054026,54026
CHM00054027,54027
CHM00054094,54094
CHM00054096,54096
CHM00054115,54115
CHM00054135,54135
CHM00054157,54157
CHM00054161,54161
CHM00054236,54236
CHM00054337,54337
CHM00054346,54346
CHM00054374,54374
CHM00054471,54471
CHM00054527,54527
CHM00054725,54725
CHM00054776,54776
CHM00054916,54916
CHM00055472,55472
CHM00056106,56106
CHM00056182,56182
CHM00056257,56257
CHM00056294,56294
CHM00056739,56739
CHM00056768,56768
CHM00056951,56951
CHM00056985,56985
CHM00057006,57006
CHM00057083,57083
CHM00057127,57127
CHM00057411,57411
CHM00057515,57516
CHM00057687,57687
CHM00057707,57707
CHM00057713,57713
CHM00058221,58221
CHM00058314,58314
CHM00058362,58362
CHM00058457,58457
CHM00058633,58633
CHM00058659,58659
CHM00058666,58666
CHM00058847,58847
CHM00058921,58921
CHM00059265,59265
CHM00059316,59316
CHM00059501,59501
CHM00059632,59632
CHM00059663,59663
CHM00059838,59838
CHM00059981,59981
SPE00120431,60001
SP000060010,60010
SPE00120467,60015
SPE00120458,60020
SPE00120215,60030
SP000060040,60040
MOE00147754,60107
MOW00013017,60119
MOW00013017,60120
MOM00060150,60150
MO000060195,60195
MO000060265,60265
MOE00147756,60318
SP000060338,60338
AGM00060360,60360
AGM00060367,60367
AGM00060369,60369
AGM00060387,60387
AG000060390,60390
AGE00147710,60400
AGM00060403,60403
AGM00060419,60419
AGM00060444,60444
AGM00060452,60452
AGM00060461,60461
AGM00060467,60467
AGM00060471,60471
AGM00060506,60506
AGM00060514,60514
AGM00060515,60515
AGM00060518,60518
AGM00060522,60522
AGM00060536,60533
AGM00060536,60536
AGM00060540,60540
AGE00147720,60550
AGM00060557,60557
AG000060590,60590
AGM00060602,60602
AGM00060686,60686
TSE00147770,60715
TS000060725,60725
TSE00147773,60735
TSM00060745,60745
TSE00147775,60750
TS000060765,60765
NG000001024,61024
NG000061043,61043
NGM00061045,61045
NG000001049,61049
NG000001075,61075
NG000001080,61080
NGM00061091,61091
NG000001096,61096
NGM00061099,61099
ML000061202,61202
ML000061223,61223
MLM00061233,61233
MLM00061235,61235
MLM00061240,61240
ML000061270,61270
MLM00061285,61285
MLM00061291,61291
MLM00061293,61293
MLM00061296,61296
ML000061297,61297
MRM00061404,61404
MR000001421,61421
MR000001437,61437
MR000001450,61450
MR000001461,61461
MR000001489,61489
MR000061497,61497
MR000001498,61498
SG000061641,61641
SG000061687,61687
SGM00061695,61695
SGM00061698,61698
SGM00061699,61699
PUM00061769,61769
GV000001809,61809
GV000001811,61811
GV000001818,61818
GV000001820,61820
GV000001829,61829
GV000001832,61831
GV000001832,61832
GVM00061849,61849
SL000061856,61856
SLM00061892,61892
SHM00061902,61902
JUM00061970,61970
MP000061974,61974
TEM00061976,61976
MP000061986,61986
MP000061988,61988
MP000061990,61990
MP000061995,61995
LYE00147740,62002
LYM00062012,62012
LYE00147746,62019
LYE00147747,62053
LYE00147749,62055
LYM00062120,62120
LY000062131,62131
LYM00062176,62176
LYM00062200,62200
LY000062271,62271
EGM00062305,62305
EGE00147726,62332
EGE00147726,62333
EGE00147727,62371
EGM00062387,62387
EG000062414,62414
EG000624200,62420
EG000062432,62432
EGM00062435,62435
EG000062463,62463
SU000062641,62641
SU000062650,62650
SUM00062680,62680
SU000062721,62721
SU000062730,62730
SUM00062733,62733
SUM00062750,62750
SUM00062751,62751
SU000062752,62752
SU000062762,62762
SU000062770,62770
SUM00062772,62772
SU000062781,62781
SU000062790,62790
SUM00062795,62795
SUM00062801,62801
SUM00062803,62803
SUM00062809,62809
SU000062840,62840
SU000062880,62880
SU000062941,62941
ER000063021,63021
ER000063023,63023
ET000063330,63330
ET000063402,63402
ET000063473,63473
KE000063612,63612
KE000063624,63624
UG000063654,63654
KE000063661,63661
UG000063674,63674
KE000063723,63723
TZ000063729,63729
TZ000063733,63733
KE000063740,63740
KEM00063741,63741
TZ000063756,63756
TZ000063791,63791
KEM00063799,63799
TZ000063816,63816
KE000063820,63820
TZ000063862,63862
TZM00063870,63870
TZ000063971,63971
SE000063980,63980
SE000063980,63985
CGM00064005,64005
CGM00064115,64115
CGM00064204,64204
CGM00064206,64206
CGM00064207,64207
CGM00064220,64220
CGM00064247,64247
BY000064390,64390
BY000064397,64397
CF000004400,64400
CFM00064403,64403
CF000004405,64405
CF000004450,64450
CF000004452,64452
CF000004453,64453
CF000004458,64458
CF000004459,64459
GBM00064500,64500
GB000004503,64503
GB000004504,64504
GB000004510,64510
GB000004545,64545
GB000004550,64550
GB000064552,64552
GB000004556,64556
GB000004565,64565
CT000004600,64600
CT000004605,64605
CT000004610,64610
CTM00064650,64650
CT000004654,64654
CT000004655,64655
CT000004656,64656
CT000004659,64659
CT000004661,64661
CTM00064665,64665
CD000004700,64700
CD000004701,64701
CD000004750,64750
CD000064751,64751
CD000004754,64754
CD000004756,64756
CD000004758,64758
EKM00064820,64820
CMM00064851,64851
CM000064870,64870
BN000065306,65306
BNM00065330,65330
BNM00065338,65338
BN000005344,65344
TOM00065351,65351
TOM00065352,65352
TOM00065357,65357
TO000005361,65361
TO000005380,65380
TO000005387,65387
GHM00065432,65432
GHM00065437,65437
GHM00065445,65445
GHM00065453,65453
GHM00065457,65457
GHM00065473,65473
UV000005502,65502
UVM00065503,65503
UVM00065518,65518
UV000005522,65522
IV000005528,65528
IVM00065545,65545
IV000005557,65557
IV000005562,65562
IVM00065578,65578
IV000005592,65592
IV000005599,65599
MFM00067005,67005
MA000067009,67009
MAM00067012,67012
MAM00067017,67017
MAM00067023,67023
MAM00067027,67027
MAM00067045,67045
MAM00067073,67073
MA000067083,67083
MA000067095,67095
MAM00067107,67107
MAM00067113,67113
MAM00067117,67117
MAM00067131,67131
MA000067143,67143
MAM00067152,67152
MAM00067157,67157
MA000067161,67161
MA000067197,67197
MZM00067231,67231
MZ000067237,67237
MZM00067241,67241
MZ000067261,67261
MZM00067273,67273
MZ000067283,67283
MZ000067295,67295
MZ000067297,67297
MZ000067323,67323
MZ000067335,67335
MZM00067341,67341
MZM00067346,67346
ZA000067403,67403
MI000067421,67421
MI000067423,67423
ZA000067441,67441
ZA000067475,67475
MI000067485,67485
MI000067489,67489
MI000067493,67493
ZA000067531,67531
ZA000067543,67543
ZA000067551,67551
ZA000067561,67561
ZA000067581,67581
ZA000067583,67583
MI000067585,67585
MI000067588,67588
MI000067591,67591
MI000067597,67597
ZA000067641,67641
ZAM00067663,67663
MI000067687,67687
MI000067692,67692
ZA000067743,67743
ZI000067755,67755
ZI000067761,67761
ZI000067765,67765
ZI000067779,67779
ZI000067781,67781
ZI000067789,67789
MI000067797,67797
ZI000067843,67843
ZI000067867,67867
ZI000067889,67889
ZI000067964,67964
ZI000067965,67965
ZI000067969,67969
ZI000067975,67975
ZI000067977,67977
ZI000067983,67983
ZI000067991,67991
WA010101860,68014
WA012084750,68018
BC008382520,68024
BC000068026,68026
BC012192590,68029
BC000068032,68032
BC008948490,68054
WA007347730,68104
WA007401540,68110
WA007848390,68112
SFM00068174,68174
SF005547860,68184
BC000068226,68226
BC000068234,68234
BC005847300,68244
SFM00068262,68262
SFM00068263,68263
SF006338810,68276
SF000068296,68296
WA004131580,68300
WA004191820,68312
BC004612080,68322
BC000068328,68328
SF003605120,68336
SF004322370,68338
SF004371340,68350
WZ004455110,68396
SF002740340,68406
SF000068438,68438
SF002613650,68442
SFM00068461,68461
SF000068496,68496
SF001700090,68536
SF002075600,68570
SF001807220,68574
SF002394820,68580
SFM00068588,68588
SF001073960,68616
SF001344780,68618
SF001130250,68624
SF001450290,68638
SF001290070,68674
SF000068712,68712
SF000921410,68728
SF000960450,68736
SF000742960,68738
SF000761330,68742
SF000981900,68744
SF000798110,68754
SFM00068816,68816
SF000508870,68832
SF000068858,68858
SHM00068906,68906
SF000068920,68920
SF000175820,68938
SF000068994,68994
USC00505544,70045
USW00026634,70117
USW00026616,70133
USW00026537,70162
USC00505644,70179
USW00026627,70207
USW00026516,70232
USW00026534,70235
USC00505881,70246
USW00026435,70260
USC00502965,70261
USW00026425,70271
USW00026442,70275
USW00026412,70291
USW00025623,70305
USW00025711,70308
USW00025603,70316
USC00502457,70321
USC00506166,70326
USW00025508,70333
USW00025506,70340
USC00501321,70360
USW00025339,70361
USC00503072,70385
USW00025308,70398
USC00500452,70409
USW00025704,70454
USC00509575,70489
CA002202801,71043
CA002101099,71045
CA002301331,71049
CA001086556,71050
CA002503650,71051
CA002300750,71053
CA002300850,71062
CA003073146,71066
CA003075040,71068
CA003066002,71069
CA002302650,71071
CA002502G00,71072
CA002201900,71073
CA002402600,71074
CA004068340,71076
CA004060981,71077
CA005061648,71078
CA005062922,71079
CA002402686,71080
CA002402353,71081
CA002400305,71082
CA002303401,71083
CA002201799,71087
CA002400654,71094
CA002400565,71097
CA002402667,71098
CA001068250,71100
CA001057055,71101
CA001062745,71102
CA001096625,71103
CA001098940,71104
CA001037650,71105
CA001038205,71106
CA001051351,71107
CA001100031,71108
CA001026270,71109
CA001020270,71110
CA001031353,71111
CA001100120,71113
CA001113539,71114
CA003044200,71116
CA003081680,71120
CA003012212,71121
CA003050521,71122
CA003012216,71123
CA003065305,71124
CA004065058,71125
CA00306E304,71127
CA003036240,71128
CA004043920,71129
CA00407N51G,71130
CA004067PR5,71132
CA004067723,71133
CA004058420,71136
CA004038412,71137
CA004019080,71138
CA005010481,71140
CA00506B047,71141
CA005022129,71148
CA007018574,71151
CA002201900,71160
CA002202560,71162
CA005010547,71170
CA008501132,71182
CA00702327X,71184
CA008401400,71185
CA007040442,71187
CA007056563,71189
CA008401259,71193
CA008400801,71194
CA008403290,71195
CA001018610,71200
CA0010476F0,71207
CA003050778,71232
CA003031875,71235
CA00301B460,71240
CA003013247,71241
CA003023722,71242
CA003033892,71243
CA00305MGFF,71245
CA003011240,71254
CA006122847,71261
CA006158665,71265
CA006111800,71270
CA006130681,71273
CA006106022,71290
CA007027329,71371
CA007013655,71382
CA008202000,71397
CA008205992,71398
CA008205126,71399
CA008400301,71400
CA008404025,71402
CA008200558,71403
CA008403255,71408
CA008200091,71410
CA008206240,71411
CA008202550,71413
CA008104103,71414
CA008200774,71415
CA007028296,71422
CA0070132G9,71424
CA007051163,71425
CA0070510M0,71428
CA006151684,71431
CA006136699,71432
CA006041222,71433
CA006019550,71434
CA006049095,71435
CA006110552,71436
CA006151061,71437
CA006119M51,71438
CA006121912,71439
CA005021220,71441
CA0050309J6,71442
CA00504K80K,71443
CA005030983,71445
CA00501A7AR,71447
CA00503B1ER,71448
CA004022361,71450
CA004024714,71455
CA003030QLP,71457
CA00605DJ25,71460
CA006048955,71461
CA006134F10,71464
CA00613KLLM,71465
CA006137937,71466
CA001017101,71473
CA001161661,71474
CA001036206,71475
CA001063303,71476
CA001056869,71477
CA001061458,71482
CA001060R0K,71484
CA002303610,71490
CA0023026HN,71496
CA002201575,71497
CA002300MQM,71498
CA00230J048,71499
CA002100636,71501
CA002203095,71502
CA002100630,71505
CA002304058,71507
CA004046884,71510
CA004018642,71511
CA007044328,71512
CA006137730,71527
CA008204700,71600
CA008205091,71601
CA008206500,71603
CA008201716,71604
CA008104900,71609
CA007028123,71610
CA007024745,71612
CA007027040,71614
CA006104146,71620
CA006158875,71621
CA006144473,71623
CA006158733,71624
CA006106396,71625
CA007025250,71627
CA006106000,71628
CA006115525,71630
CA006145503,71631
CA006110967,71632
CA006119500,71633
CA008101500,71700
CA008101792,71701
CA008300700,71702
CA00810I001,71703
CA008103201,71705
CA008300300,71706
CA008205700,71707
CA007052960,71709
CA00702FQLF,71712
CA007056615,71715
CA007018572,71716
CA008103050,71719
CA007036762,71720
CA007018562,71724
CA007098605,71725
CA007075800,71726
CA007060400,71727
CA007066685,71728
CA006068150,71730
CA006085700,71731
CA006092930,71733
CA007086716,71734
CA006072230,71735
CA006059D09,71738
CA006020379,71748
CA006048270,71749
CA001018620,71799
CA008403506,71801
CA008401705,71803
CA008503249,71804
SBM00071805,71805
CA008402520,71806
CA008400102,71807
CA007040813,71808
CA008401501,71809
CA007056201,71810
CA007047910,71811
CA007045400,71813
CA007043000,71814
CA008403800,71815
CA008501900,71816
CA007094636,71821
CA007091401,71822
CA007093714,71823
CA008504175,71825
CA007095480,71826
CA007093715,71827
CA007117827,71828
CA006073975,71831
CA006075543,71832
CA006075425,71836
CA006037775,71842
CA006014350,71846
CA006010738,71848
CA006034076,71850
CA005012320,71851
CA005023224,71852
CA005040681,71853
CA006016970,71854
CA005040680,71855
CA005031A10,71858
CA005030200,71859
CA004016699,71863
CA004015328,71864
CA004019035,71865
CA004057170,71866
CA005052880,71867
CA004056240,71869
CA004028040,71870
CA003034479,71872
CA003011885,71873
CA003033884,71874
CA003035220,71875
CA004045605,71876
CA003031092,71877
CA003025480,71878
CA003012202,71879
CA001152105,71880
CA003062246,71881
CA001176749,71882
CA001141455,71884
CA00112FN0M,71886
CA001163842,71887
CA003053520,71888
CA001126146,71889
CA001025370,71890
CA001114741,71891
CA001108380,71892
CA001021830,71893
CA001031110,71895
CA001096453,71896
CA001065010,71897
CA001066481,71898
CA001054500,71899
CA008502400,71900
CA007110830,71901
CA008502799,71902
CA007113534,71906
CA002402900,71908
CA002402592,71909
CA005060999,71912
CA005060595,71913
CA002301000,71915
CA002300700,71916
CA002400400,71918
CA004061861,71920
CA004064150,71922
CA002403500,71924
CA002400602,71925
CA002402340,71927
CA003015523,71928
CA002400595,71929
CA003067372,71930
CA003063686,71931
CA003062697,71932
CA003072662,71933
CA002202200,71934
CA002202400,71935
CA002204100,71936
CA002300904,71938
CA003072920,71940
CA001183090,71941
CA001183000,71943
CA001184790,71944
CA001192950,71945
CA002200675,71948
CA001077500,71950
CA001068130,71951
CA001091169,71952
CA001067742,71955
CA002202580,71957
CA002203910,71959
CA002101300,71964
CA002100700,71965
CA002100182,71967
USW00012836,72201
USW00012844,72203
US1SCCR0049,72208
USW00013861,72213
USC00080211,72220
USW00013858,72221
USW00013894,72223
USC00015547,72226
USW00012884,72232
US1MSRN0042,72235
USW00003937,72240
USW00012917,72241
USW00012944,72242
USC00412011,72251
USW00012907,72252
USR0000TVIC,72255
USW00013959,72256
USC00417944,72263
USW00023023,72265
USW00013962,72266
USC00415408,72267
US1NMDA0198,72269
USW00093045,72271
USW00023195,72280
USW00023119,72286
USW00023129,72297
USC00442368,72308
USW00013883,72310
USW00013873,72311
US1NCHN0010,72315
USW00093801,72320
USW00013882,72324
USW00013891,72326
USW00003839,72327
USC00229004,72332
USW00013893,72334
US1ARPS0040,72340
US1MOHL0008,72348
USC00346659,72353
USW00023051,72360
USW00023004,72365
USW00003162,72371
USC00020678,72376
USW00023179,72380
USC00040444,72384
USC00043256,72389
USC00047024,72390
USW00023273,72394
USW00013740,72401
USW00013753,72407
USW00014780,72409
USW00013733,72410
USW00013741,72411
USW00013729,72417
USW00013807,72424
USW00093815,72429
USW00093817,72432
USW00013994,72434
USW00003816,72435
USW00093822,72439
USW00003945,72445
US1KSBA0010,72452
USW00013996,72456
USW00013984,72458
USC00142432,72460
USC00058992,72464
USW00023065,72465
US1CODN0183,72469
USC00053486,72476
USW00023232,72483
US1CAMT0007,72491
USC00048559,72492
USC00048376,72495
USW00014756,72506
USC00300684,72515
USW00014895,72521
USW00014860,72526
USW00014768,72529
USW00014842,72532
USW00014848,72535
USW00094847,72537
USC00237963,72540
USC00115748,72544
USW00014934,72547
USW00014939,72551
USC00253397,72552
US10garf009,72555
USC00137702,72557
USW00024030,72561
US1WYLM0011,72564
US1NECH0001,72567
USC00482685,72568
USW00024127,72572
USW00024126,72575
USW00024021,72576
USW00024193,72581
USW00024128,72583
US1CAHM0024,72594
USW00024225,72597
USW00014745,72605
USC00170350,72607
USW00014755,72613
USW00014742,72617
USC00173353,72619
USW00094849,72639
USW00014839,72640
USW00014925,72644
USW00014944,72651
USC00396574,72652
US1SDBL0001,72653
USW00014947,72658
USW00014929,72659
USR0000MHEB,72676
CA008103200,72705
CA007052960,72709
USW00014607,72712
USW00014604,72713
CA00701S001,72714
USC00476398,72741
US1NDCS0031,72753
USR0000MBEM,72755
USC00320818,72764
USW00094008,72768
USC00244558,72779
USW00024149,72783
USC00453444,72784
USW00024157,72785
USW00024160,72788
USW00094224,72791
CA001017329,72799
CA007095480,72826
CA007093716,72827
CA007117827,72828
CA005012324,72851
CA003025480,72878
CA001152105,72880
CA003062239,72881
CA001176750,72882
CA001163842,72887
CA003053520,72888
CA001108380,72892
CA001096450,72896
CA001066481,72898
CA007113534,72906
CA002301000,72915
CA003072920,72940
CA001183090,72941
CA002202575,72957
CA002202801,74043
CA002300850,74062
CA002201998,74063
CA002402600,74074
CA002400305,74082
CA002400654,74094
CA001068250,74100
CA001038205,74106
CA001026270,74109
CA003030838,74126
CA00506B0M7,74141
CA005022120,74148
USW00024207,74206
USW00024037,74230
USW00014715,74370
USW00024046,74421
USW00014703,74491
USC00193826,74492
USW00093065,74531
USW00023005,74731
USW00023002,74732
USW00003949,74753
USW00013934,74754
USW00003852,74777
MX000002072,76050
MXM00076055,76055
MXM00076061,76061
MXM00076118,76118
MXM00076160,76161
MX000008142,76220
MXM00076225,76225
MXM00076323,76323
MX000028116,76491
MXM00076499,76499
MXM00076525,76525
MX000016144,76615
MXM00076634,76634
MXM00076640,76640
MX000076644,76644
MXM00076665,76665
MX000766800,76680
MX000029030,76683
MXM00076692,76692
MXM00076723,76723
MXM00076737,76737
MXM00076762,76762
MXM00076848,76848
BDM00078016,78016
BF000078073,78073
CUM00078310,78310
CUM00078325,78325
CUW00011706,78367
CUM00078369,78369
JM000078388,78388
DRM00078479,78479
HOW00011807,78501
RQC00667297,78520
RQC00668814,78526
VQW00011640,78543
VQW00011624,78547
GT000060100,78640
GT000060100,78641
ES003800510,78663
HO000078720,78720
CS000098002,78772
PMW00010705,78806
ACW00011604,78861
ACW00011604,78862
BB000078954,78954
TDM00078962,78962
COM00080009,80009
COM00080028,80028
COM00080036,80036
COM00080094,80094
COM00080214,80214
COM00080234,80234
VEM00080403,80403
VE000080405,80405
VE000080413,80413
VEM00080415,80415
VEM00080421,80421
VE000080425,80425
VEM00080432,80432
VEM00080437,80437
VE000080438,80438
VEM00080440,80440
VEM00080442,80442
VE000080453,80453
VEM00080476,80476
VEM00080478,80478
VEM00080479,80479
GYW00010502,81002
FGM00081401,81401
FGM00081401,81402
FG000081405,81405
FGM00081408,81408
FGM00081415,81415
BRM00082024,82024
BR008250003,82030
BR008161001,82042
BRM00082098,82099
BRM00082106,82106
BRM00082113,82113
BRM00082193,82193
BRM00082246,82246
BR000249000,82263
BRM00082326,82326
BR027794310,82392
BR000082400,82400
BR027865460,82480
BR028946430,82493
BRM00082533,82533
BR036150060,82566
BR036190520,82571
BR037041370,82579
BR038014410,82586
BR038143420,82590
BR038192160,82596
BR038196570,82598
BR000748000,82659
BR037335990,82678
BR038217420,82686
BR000082704,82704
BR037597890,82753
BR000747000,82764
BR036456090,82765
BR037404930,82771
BR038416420,82784
BR038536790,82789
BRM00082791,82791
BR038484280,82795
BR037657520,82879
BR038710390,82886
BR038777060,82893
BRM00082915,82915
BR000956000,82965
BR037835390,82976
BR037953910,82979
BR038837530,82986
BR038983570,82993
BR047099650,83088
BR001036026,83097
BR047231730,83179
BR047266270,83182
BR001140016,83186
BR001138014,83192
BR047403040,83236
BR047571250,83242
BR047606760,83286
BR047635180,83288
BR047635180,83289
BR047776420,83292
BR001452000,83319
BRM00083332,83332
BR001552000,83368
BR001548003,83376
BR001546001,83383
BR001543013,83395
BR057324290,83437
BR057253450,83441
BR001748003,83522
BR001846000,83531
BR001844000,83536
BR001841005,83543
BRM00083565,83565
BR001946002,83579
BR001943002,83589
BR001941020,83595
BR001940004,83597
BR00B6-0360,83623
BR002041004,83646
BR002157004,83654
BR00C4-0170,83669
BR00C5-0040,83676
BR002145002,83683
BR002144014,83687
BR002241001,83700
BRM00083704,83704
BR00D8-0390,83716
BR002242031,83718
BR00D4-0750,83726
BR002245081,83736
BR002244041,83739
BRM00083766,83766
BR00E5-0140,83773
BR00E3-0520,83780
BR00E3-0070,83781
BR002452048,83783
BR00E2-0220,83784
BRM00083836,83836
BR002548005,83844
BR00E4-0560,83857
BR002649005,83872
BR002752004,83883
BR002957005,83928
BR003252001,83995
ECM00084135,84137
EC000000006,84140
ECM00084270,84270
EC000084279,84279
PEM00084390,84390
PEM00084452,84452
BLM00085140,85140
BLM00085244,85244
CI000085469,85469
CI000085543,85543
CIM00085682,85682
AYM00089057,85986
PA000086068,86068
PAM00086260,86260
PAM00086285,86285
UY000001856,86450
UY000086490,86490
UY000086565,86565
AR000087007,87007
AR000870470,87047
AR000087065,87065
AR000087078,87078
AR000087129,87129
AR000087155,87155
ARM00087213,87213
AR000087217,87217
ARM00087244,87244
AR000087257,87257
AR000873050,87305
ARM00087320,87320
AR000087344,87344
AR000087374,87374
AR000000011,87393
ARM00087395,87396
ARM00087416,87416
AR000087418,87418
ARM00087436,87436
ARM00087448,87448
ARM00087506,87506
ARM00087532,87532
ARM00087550,87550
AR000875850,87585
ARM00087593,87593
ARM00087596,87596
AR000087623,87623
ARM00087641,87641
ARM00087643,87643
ARM00087648,87648
AR000087692,87692
AR000087715,87715
ARM00087736,87736
AR000877500,87748
ARM00087774,87774
ARM00087823,87823
ARM00087852,87852
ARM00087880,87880
ARM00087903,87903
AR000087925,87925
FKM00088889,88889
SXM00088903,88903
AYM00089063,88952
AYM00088963,88963
AYM00088968,88968
AYW00090001,89009
AYM00089034,89034
AYM00089053,89053
AYM00089055,89055
AYM00089057,89057
AYM00089058,89058
AYM00089061,89061
AYM00089062,89062
AYM00089063,89069
AYW00057801,89083
AYW00068201,89125
AYM00089251,89251
AYW00057801,89284
AYM00089512,89512
AYM00089514,89514
AYM00089532,89532
AYM00089542,89542
AYM00089564,89564
AYM00089571,89571
AYM00089573,89573
AYM00089592,89592
AYM00089606,89606
AYM00089642,89642
AYM00089657,89657
AYM00089662,89662
AYM00089799,89799
USC00516271,91066
USW00022526,91163
USC00510456,91166
USW00022508,91170
USW00022514,91178
USC00516920,91181
USW00022534,91186
USC00518398,91189
USW00022516,91190
USC00511125,91194
USC00518743,91198
USC00510840,91199
GQW00041415,91212
CQW00041408,91232
WQW00041606,91245
USC00513980,91282
USC00511033,91289
USC00518650,91293
FMC00914911,91317
FMW00040503,91348
FMC00914720,91353
FMC00914395,91355
FMC00914429,91413
FMC00914590,91425
NHM00091551,91551
NH000091554,91554
NHM00091555,91555
NH000091568,91568
NC000091577,91577
NC000915920,91592
KR000091610,91610
TV000091631,91631
TV000091643,91643
FJ000091650,91650
FJ000091680,91680
FJM00091699,91699
KRW00060703,91701
TL000091724,91724
WF000917530,91753
AQW00061705,91765
TN000091780,91780
CWM00091843,91843
FP000091925,91925
FP000091938,91938
FP000091943,91943
FP000091954,91954
FP000091958,91958
PC000919640,91960
NZ000933090,93308
NZ000093417,93417
NZM00093439,93436
NZ000936150,93614
NZ000936150,93615
NZM00093678,93678
NZ000093844,93844
NZ000093844,93845
NZM00093929,93929
NZ000939870,93986
NZ000939870,93987
NZ000093994,93994
NZ000093994,93997
PP000092014,94014
PPM00092076,94076
ASN00014277,94116
ASN00014922,94118
ASN00014253,94121
ASN00014272,94125
ASN00014254,94127
ASN00014008,94128
ASN00014274,94135
ASN00014400,94142
ASN00014501,94148
ASN00014508,94150
ASN00014723,94152
ASN00027045,94170
ASN00027042,94171
ASN00027021,94175
ASN00027005,94185
ASN00028008,94186
ASN00028007,94187
ASN00003057,94201
ASN00001009,94208
ASN00002012,94212
ASN00001013,94214
ASN00014840,94229
ASN00014608,94234
ASN00015046,94237
ASN00037010,94255
ASM00094275,94275
ASN00028004,94276
ASN00031198,94284
ASN00031210,94286
ASN00032021,94291
ASN00032004,94292
ASN00032178,94294
ASN00004084,94311
ASN00004020,94315
ASN00015590,94326
ASN00015643,94328
ASN00029162,94332
ASN00038003,94333
ASN00029141,94335
ASN00036007,94350
ASN00035069,94355
ASN00035027,94363
ASN00033094,94366
ASN00033255,94368
ASN00039083,94374
ASN00039123,94380
ASN00039314,94384
ASN00039059,94388
ASN00008051,94403
ASN00008225,94414
ASN00012241,94448
ASN00012305,94449
ASN00016007,94458
ASN00015511,94463
ASN00016085,94477
ASN00017031,94480
ASN00017123,94481
ASN00038024,94488
ASN00045025,94492
ASN00048079,94497
ASN00043054,94511
ASN00043020,94514
ASN00043030,94515
ASN00043034,94516
ASN00043035,94521
ASN00035282,94525
ASN00053027,94526
ASN00056242,94541
ASN00041023,94542
ASN00041103,94551
ASN00041044,94555
ASN00056032,94556
ASN00040004,94568
ASN00040861,94569
ASN00058130,94571
ASN00040847,94577
ASN00040852,94581
ASN00040040,94585
ASN00057095,94587
ASN00040043,94594
ASN00009193,94602
ASN00009193,94603
ASN00009034,94608
ASN00009053,94612
ASN00009617,94616
ASN00010144,94623
ASN00010648,94624
ASN00010524,94625
ASN00010035,94626
ASN00012065,94639
ASN00011000,94642
ASN00018012,94653
ASN00016044,94655
ASN00018069,94656
ASN00022008,94665
ASN00021046,94670
ASN00023103,94671
ASN00023034,94672
ASN00023090,94675
ASN00023849,94677
ASN00024511,94680
ASN00023357,94681
ASN00024016,94687
ASN00025509,94688
ASN00047007,94689
ASN00047019,94694
ASN00046129,94699
ASN00075032,94700
ASN00075028,94705
ASN00074221,94706
ASN00050014,94707
ASN00052026,94715
ASN00051140,94718
ASN00065111,94720
ASN00063231,94726
ASN00061371,94733
ASN00070080,94735
ASN00063226,94741
ASN00055023,94742
ASN00063292,94743
ASN00068102,94747
ASN00068188,94748
ASN00067033,94753
ASN00062100,94754
ASN00061051,94756
ASN00055156,94762
ASN00067111,94764
ASN00066037,94767
ASN00061273,94770
ASN00060030,94784
ASN00059030,94790
ASN00059040,94791
ASN00009741,94802
ASN00022816,94803
ASN00023733,94806
ASN00022807,94807
ASN00023875,94811
ASN00026026,94812
ASN00023751,94815
ASN00026005,94818
ASN00026019,94820
ASN00026021,94821
ASN00090048,94824
ASN00090184,94826
ASN00090171,94828
ASN00076047,94831
ASN00089085,94834
ASN00089105,94835
ASN00078067,94841
ASN00080023,94844
ASN00088043,94849
ASN00098018,94851
ASN00089111,94852
ASN00086344,94853
ASN00081003,94855
ASN00087117,94856
ASN00087163,94857
ASN00088162,94860
ASN00087177,94865
ASN00086256,94872
ASN00088023,94882
ASN00082002,94884
ASN00082138,94889
ASN00073128,94890
ASN00085096,94893
ASN00082137,94895
ASN00072160,94896
ASN00083085,94906
ASN00085298,94907
ASN00072150,94910
ASN00083068,94911
ASN00071072,94915
ASN00072161,94916
ASN00070103,94925
ASN00069132,94927
ASN00070328,94929
ASN00069139,94931
ASN00084070,94932
ASN00069137,94934
ASN00069148,94937
ASN00069017,94939
ASM00094940,94940
ASN00069134,94941
ASN00091025,94960
ASN00094041,94962
ASN00094137,94966
ASN00091104,94968
ASN00091237,94969
ASN00093014,94971
ASN00096071,94976
ASN00094157,94978
ASN00092038,94981
ASN00092115,94983
AYM00089564,94986
ASM00094998,94998
ASN00003032,95205
ASN00032078,95291
ASN00033002,95295
ASN00004097,95308
ASN00007178,95310
ASN00007058,95315
ASN00035065,95362
ASN00041100,95533
ASN00056242,95541
ASN00041340,95573
ASN00040836,95591
ASN00009131,95600
ASN00009192,95605
ASN00010612,95626
ASN00012281,95645
ASN00016089,95659
ASN00016065,95660
ASN00018192,95661
ASN00016092,95666
ASN00023037,95677
ASN00023810,95678
ASN00048239,95703
ASN00075041,95704
ASN00074048,95706
ASN00075039,95707
ASN00052088,95715
ASN00070108,95723
ASN00067033,95753
ASN00061363,95758
ASN00055054,95762
ASN00066131,95764
ASN00061223,95768
ASN00056238,95773
ASN00024549,95812
ASN00088085,95853
ASN00090083,95855
ASN00086127,95881
ASN00085106,95884
ASN00071041,95908
ASN00071003,95912
ASN00069147,95930
ASN00069139,95931
ASN00069022,95935
ASN00097075,95952
ASN00097053,95953
ASN00097011,95954
ASN00091107,95957
ASN00091126,95960
ASN00091269,95968
ASN00099022,95978
ASN00092123,95980
ASN00092027,95984
ASN00092003,95989
IDM00096011,96011
IDM00096015,96015
IDM00096033,96033
ID000096073,96073
IDM00096087,96087
IDM00096091,96091
ID000096145,96145
ID000096163,96163
IDM00096179,96179
IDM00096207,96207
IDM00096221,96221
IDM00096237,96237
IDM00096249,96249
IDM00096295,96295
MY000096441,96441
MY000096465,96465
MY000096491,96491
IDM00096509,96509
IDM00096525,96525
IDM00096595,96595
IDM00096633,96633
IDM00096695,96695
IDM00096737,96737
IDM00096741,96741
ID000096745,96745
IDM00096749,96749
IDM00096751,96751
IDM00096753,96753
IDM00096791,96791
IDM00096797,96797
ID000096805,96805
IDM00096837,96837
ID000096925,96925
IDM00096933,96933
IDM00096937,96937
IDM00096973,96973
IDM00096987,96987
ID000097014,97014
IDM00097016,97016
IDM00097028,97028
IDM00097120,97120
IDM00097126,97126
ID000097146,97146
IDM00097182,97180
IDM00097182,97182
IDM00097192,97192
IDM00097230,97230
IDM00097310,97310
ID000097340,97340
ID000097372,97372
IDM00097378,97378
IDM00097380,97380
IDM00097406,97406
IDM00097460,97460
ID000097502,97502
ID000097560,97560
IDM00097570,97570
IDM00097580,97580
IDM00097600,97600
IDM00097630,97630
ID000097686,97686
ID000097690,97690
IDM00097722,97722
ID000097724,97724
IDM00097780,97780
IDM00097796,97796
IDM00097810,97810
IDM00097876,97876
ID000097900,97900
ID000097980,97980
RPM00098132,98132
RPM00098135,98135
RP000982230,98223
RP000098232,98232
RPW00041231,98426
RP000098429,98429
RP000098430,98430
RP000098444,98444
RPW00041223,98558
RP000986370,98637
RP000986530,98653
RP000098755,98755
RP000098836,98836
RP000098851,98851
